Cat Breeds,Gender,Name
Abyssinian,M,Apollo
Abyssinian,M,Nico
Abyssinian,M,Leo
Abyssinian,F,Mocha
Abyssinian,F,Rosie
Abyssinian,F,Eve
American Bobtail,M,Ash
American Bobtail,M,Arthur
American Bobtail,M,Bengie
American Bobtail,F,Ayla
American Bobtail,F,Misty
American Bobtail,F,Mia
American Curl,M,Matthew
American Curl,M,Snickerdoodle
American Curl,M,Oliver
American Curl,F,Ava
American Curl,F,Elise
American Curl,F,poppy
American ShortHair,M,peter
American ShortHair,M,mitchell
American ShortHair,M,barry
American ShortHair,F,carla
American ShortHair,F,lisa
American ShortHair,F,nicole
Bengal,M,mittens
Bengal,M,biscut
Bengal,M,gatsby
Bengal,F,snickers
Bengal,F,clover
Bengal,F,maple
Birman,M,daisy
Birman,M,nala
Birman,M,peanut
Birman,F,ivory
Birman,F,bubbles
Birman,F,noodle
Bombay,M,bond
Bombay,M,flint
Bombay,M,zues
Bombay,F,fern
Bombay,F,ivy
Bombay,F,blossom
British Shorthair,M,boots
British Shorthair,M,sassy
British Shorthair,M,skittles
British Shorthair,F,willow
British Shorthair,F,snowball
British Shorthair,F,doodle
Egyptian Mau,M,paws
Egyptian Mau,M,titan
Egyptian Mau,M,mischevious scheemer
Egyptian Mau,F,Kita 
Egyptian Mau,F,petal
Egyptian Mau,F,bambalina 
Exotic Shorthair,M,barnabas
Exotic Shorthair,M,stinger flyn
Exotic Shorthair,M,banban
Exotic Shorthair,F,Loaf
Exotic Shorthair,F,Bread
Exotic Shorthair,F,Potato
Maine Coon,M,Big guy
Maine Coon,M,Tiny
Maine Coon,M,Friend
Maine Coon,F,Ivy
Maine Coon,F,Liz
Maine Coon,F,Clove
Manx,M,Tiger
Manx,M,Leo
Manx,M,Little guy
Manx,F,Rabbit
Manx,F,Ivy
Manx,F,Rose
Norwegian Forest,M,Lion
Norwegian Forest,M,Oscar
Norwegian Forest,M,Jumbo Josh
Norwegian Forest,F,Nala 
Norwegian Forest,F,Apple
Norwegian Forest,F,Peaches
Persian,M,Grumpy old cat
Persian,M,Banana
Persian,M,Little guy
Persian,F,Toaster oven
Persian,F,Liz
Persian,F,Rat
Ragdoll,M,Sapph
Ragdoll,M,Floof
Ragdoll,M,Iguana
Ragdoll,F,Snow
Ragdoll,F,Silk
Ragdoll,F,Deer
Russian Blue,M,Blue
Russian Blue,M,Muffin
Russian Blue,M,Muffin Tray
Russian Blue,F,Ash
Russian Blue,F,Lizard
Russian Blue,F,Lisa
Scottish Fold,M,Emilius
Scottish Fold,M,Joshua
Scottish Fold,M,Toast
Scottish Fold,F,Pumpkin
Scottish Fold,F,Misty
Scottish Fold,F,Forest
Siamese,M,Leo
Siamese,M,Blue
Siamese,M,Cinnamon
Siamese,F,Azure
Siamese,F,Lilac
Siamese,F,Cleo
Sphynx,M,goober
Sphynx,M,eldritch horror
Sphynx,M,dinner
Sphynx,F,schemaster
Sphynx,F,contractor of death
Sphynx,F,Scrimbulous III
Turkish Angora,M,Max
Turkish Angora,M,Marco
Turkish Angora,M,Polo
Turkish Angora,F,Kaya
Turkish Angora,F,Sophie
Turkish Angora,F,Luna
